Surname,Nationality
aafjes,1
aaij,1
aakster,1
aaldenberg,1
aalders,1
aalfs,1
aalmers,1
aaltink,1
aarden,1
aarens,1
aarle,1
aarse,1
aarts,1
aartsen,1
abbes,1
abbing,1
abbingh,1
abbink,1
abelen,1
abels,1
aben,1
abraham,1
abrahams,1
abspoel,1
achterberg,1
achterkamp,1
achterop,1
achthoven,1
addens,1
addicks,1
admiraal,1
adolfs,1
adriaans,1
adriaansen,1
adrichem,1
aerssens,1
aerts,1
agthoven,1
akker,1
akkerman,1
akkermans,1
akkersdijk,1
alberda,1
alberdingk,1
alberink,1
albers,1
alberts,1
albring,1
albronda,1
aldenberg,1
aldenkamp,1
alderliesten,1
alders,1
aldershof,1
alferink,1
alfons,1
aling,1
alink,1
alles,1
altena,1
althuis,1
alting,1
altink,1
amsing,1
ananias,1
andela,1
andries,1
andriessen,1
andringa,1
angenent,1
anholts,1
anker,1
annevelink,1
antonis,1
antonise,1
apeldoorn,1
appeldoorn,1
appelhof,1
appelo,1
apperlo,1
arbeid,1
arbeider,1
arendonk,1
arends,1
arendsen,1
arents,1
arentz,1
ariesen,1
arissen,1
arkes,1
arntz,1
arntzen,1
arntzenius,1
arts,1
artz,1
arzt,1
asjes,1
askes,1
asselman,1
assenberg,1
assendorp,1
assies,1
assink,1
aukes,1
averesch,1
aveskamp,1
baaiman,1
baak,1
baanders,1
baar,1
baardwijk,1
baars,1
baart,1
baas,1
bakhuizen,1
bakker,1
barends,1
beethoven,1
benscoter,1
berg,1
berger,1
bernard,1
beulen,1
beulens,1
beumer,1
beumers,1
bezuidenhout,1
boelens,1
boels,1
boer,1
boerefijn,1
boon,1
borst,1
bos,1
bosch,1
both,1
bothe,1
bouwmeester,1
braam,1
brand,1
brandt,1
brouwer,1
bruin,1
bul,1
bulle,1
bullens,1
bunschoten,1
ceelen,1
claasen,1
claes,1
cloet,1
coeman,1
coemans,1
coenen,1
colijn,1
coolen,1
coumans,1
crusan,1
cruyssen,1
cuijper,1
cuijpers,1
cuyler,1
cuyper,1
cuypers,1
daalman,1
daalmans,1
daelman,1
daelmans,1
dahlmans,1
dam,1
de boer,1
de bruijn,1
de bruin,1
de clerc,1
de clercq,1
de cloet,1
de cock,1
de graaf,1
de groot,1
de haan,1
de haas,1
de jong,1
de jonge,1
de jonker,1
de klerk,1
de kloet,1
de kock,1
de koning,1
de lang,1
de lange,1
de smet,1
de snaijer,1
de veen,1
de ven,1
de vos,1
de vries,1
de vroom,1
de vroome,1
de wit,1
de with,1
de witt,1
de witte,1
dekker,1
devos,1
dierickx,1
dirchs,1
dircks,1
dircksens,1
dirckx,1
dirix,1
dirks,1
dirkse,1
dirksen,1
dirkx,1
drees,1
dreesen,1
dreesens,1
dreessen,1
dries,1
driessen,1
eerkens,1
eikenboom,1
elzinga,1
erckens,1
erkens,1
ernst,1
evers,1
flipse,1
flipsen,1
fortuin,1
fortuyn,1
frank,1
franke,1
geelen,1
geels,1
geerts,1
gelens,1
glas,1
goossens,1
groen,1
groot,1
haak,1
haan,1
haanraads,1
haanraadts,1
haanraats,1
haas,1
haenraets,1
hagen,1
hanraets,1
hartman,1
heeren,1
heijman,1
heijmans,1
heimans,1
hendrickx,1
hendriks,1
hendrikx,1
hendrix,1
herberts,1
herman,1
hermans,1
heymans,1
hoedemaeker,1
hoedemaekers,1
hoedemaker,1
hoedemakers,1
hoek,1
hofwegen,1
holland,1
holst,1
holt,1
holtman,1
houben,1
houk,1
houtkooper,1
houtman,1
hummel,1
jacobs,1
jacobse,1
jans,1
jansen,1
jansens,1
jansing,1
jansingh,1
jansink,1
janson,1
janssen,1
janssens,1
janzen,1
jonckers,1
jonker,1
jonkers,1
jonkheer,1
joossens,1
joosten,1
kappel,1
kikkert,1
klaasen,1
klein,1
klerk,1
klerken,1
klerks,1
klerkse,1
klerkx,1
klerx,1
kloet,1
kloeten,1
kock,1
koeman,1
koemans,1
kok,1
kolen,1
kolijn,1
kollen,1
koning,1
kool,1
koole,1
koolen,1
kools,1
koopman,1
koster,1
koumans,1
kroon,1
krusen,1
kuijlaars,1
kuijpers,1
kuiper,1
kuipers,1
kyler,1
langbroek,1
langenberg,1
laurens,1
lauwens,1
lauwers,1
leeuwenhoek,1
linden,1
loman,1
lucas,1
lucassen,1
maas,1
maes,1
maessen,1
marquering,1
martens,1
mas,1
meeuwes,1
meeuwessen,1
meeuwis,1
meeuwissen,1
meeuwsen,1
meijer,1
merckx,1
mertens,1
merx,1
michel,1
michiels,1
mooren,1
mulder,1
muyskens,1
nagel,1
nelissen,1
nifterick,1
nifterik,1
niftrik,1
offermans,1
ogtrop,1
oomen,1
oorschot,1
otten,1
pander,1
panders,1
paul,1
paulis,1
paulissen,1
pauwels,1
peerenboom,1
peeters,1
pender,1
penders,1
penners,1
peter,1
peters,1
peusen,1
philips,1
post,1
prinsen,1
rademaker,1
rademakers,1
ramaker,1
ramakers,1
rameckers,1
reijnders,1
reinders,1
reynders,1
richard,1
rietveld,1
rijnders,1
roggeveen,1
roijackers,1
roijakkers,1
romeijn,1
romeijnders,1
romeijnsen,1
romijn,1
romijnders,1
romijnsen,1
rompa,1
rooijakkers,1
roosa,1
roosevelt,1
rutgers,1
rutten,1
ryskamp,1
scheer,1
schenk,1
schermer,1
schipper,1
schneiders,1
schneijder,1
scholten,1
school,1
schoorel,1
schoorl,1
schorel,1
schouten,1
schrijnemakers,1
schuyler,1
seegers,1
seelen,1
segers,1
seghers,1
severijns,1
severins,1
sevriens,1
simon,1
simonis,1
simons,1
slootmaekers,1
smeets,1
smets,1
smit,1
smits,1
snaaijer,1
snaijer,1
sneiders,1
sneijder,1
sneijders,1
sneijer,1
sneijers,1
snel,1
snijder,1
snijders,1
spijker,1
spiker,1
ter avest,1
teunissen,1
theunissen,1
tillens,1
tunison,1
van 't hout,1
van aalsburg,1
van aalst,1
van aarle,1
van achteren,1
van achthoven,1
van adrichem,1
van aggelen,1
van agteren,1
van agthoven,1
van akkeren,1
van aller,1
van alphen,1
van alst,1
van altena,1
van althuis,1
van amelsvoort,1
van amersvoort,1
van amstel,1
van andel,1
van ankeren,1
van antwerp,1
van antwerpen,1
van apeldoorn,1
van arendonk,1
van as,1
van asch,1
van assen,1
van baarle,1
van beek,1
van bokhoven,1
van breda,1
van bueren,1
van buggenum,1
van buren,1
van can,1
van cann,1
van daal,1
van daalen,1
van dael,1
van daele,1
van dale,1
van dalen,1
van dam,1
van damme,1
van der heijden,1
van dijk,1
van donk,1
van gogh,1
van hassel,1
van hautum,1
van heel,1
van herten,1
van hofwegen,1
van hoorn,1
van horn,1
van hout,1
van houte,1
van houtem,1
van houten,1
van houttum,1
van houtum,1
van kan,1
van kann,1
van laar,1
van laren,1
van leeuwen,1
van leeuwenhoek,1
van middelburg,1
van middlesworth,1
van nifterick,1
van nifterik,1
van niftrik,1
van ogtrop,1
van oirschot,1
van oorschot,1
van ophoven,1
van peij,1
van pey,1
van rijn,1
van rompa,1
van rompaey,1
van rompay,1
van rompaye,1
van rompu,1
van rompuy,1
van rossem,1
van rossum,1
van schoorl,1
van tonder,1
van veen,1
van veenen,1
van vliet,1
van wegberg,1
van wieren,1
van wijk,1
van willigen,1
van de laar,1
van de ven,1
van de vliert,1
van den akker,1
van den andel,1
van den berg,1
van den brink,1
van den broek,1
van den heuvel,1
van der aart,1
van der beek,1
van der berg,1
van der hout,1
van der laar,1
van der linden,1
van der meer,1
van der stoep,1
van der veen,1
van der ven,1
van der venne,1
van der vennen,1
van der wal,1
van der zee,1
vandale,1
vandroogenbroeck,1
veenstra,1
venner,1
verboom,1
vergoossen,1
verhoeven,1
vermeulen,1
ververs,1
vervloet,1
visscher,1
visser,1
vogel,1
vogels,1
vos,1
vossen,1
vroom,1
vroomen,1
wang,1
waterman,1
wauters,1
westenberg,1
willems,1
willemse,1
willemsen,1
wilms,1
wolters,1
wouters,1
yancy,1
yonker,1
yonkers,1
zaal,1
zeegers,1
zeelen,1
zegers,1
zuiderduin,1
andresen,0
blakeley,0
bösch,0
hofmeister,0
bryan,0
hood,0
rothbauer,0
forsberg,0
dennel,0
spencer,0
gosse,0
wojciechowski,0
kundakçı,0
wieck,0
holm,0
darling,0
braband,0
pearson,0
jiménez,0
kaiser,0
mangold,0
meadows,0
lebeau,0
knudsen,0
beutel,0
daniel,0
purcell,0
sauveterre,0
holmgren,0
cano,0
bartolomeo,0
giese,0
nussbaum,0
hermansen,0
bager,0
benini,0
wägner,0
isaksen,0
ferro,0
feigenbaum,0
friis,0
gorecka,0
schuhart,0
balboni,0
cocks,0
kaspersen,0
sherburne,0
rye,0
gilbert,0
avcı,0
lindbeck,0
marangoz,0
joubert,0
stieber,0
aleshire,0
roux,0
snelling,0
albert,0
grahn,0
dickman,0
rodgers,0
daubney,0
kijek,0
stankiewicz,0
yıldız,0
arnold,0
schuler,0
monte,0
keys,0
hopkins,0
walter,0
guerriero,0
bayer,0
newport,0
rennell,0
mägi,0
regenbogen,0
brook,0
roberts,0
jabłońska,0
meier,0
blanc,0
marshall,0
mogensen,0
schnur,0
de la fuente,0
rebane,0
tamaro,0
hampson,0
kukk,0
clausen,0
hambleton,0
nuremberg,0
ludvigsen,0
piotrowski,0
pletcher,0
micheli,0
antonelli,0
haber,0
thälmann,0
hall,0
massey,0
killam,0
waldvogel,0
burakgazi,0
langley,0
bannister,0
koppel,0
berlusconi,0
schuhmacher,0
attaway,0
schnell,0
faulkner,0
plaza,0
audley,0
ljungborg,0
sorenson,0
østergaard,0
kahler,0
arterberry,0
jung,0
rose,0
crespi,0
weeber,0
oja,0
teke,0
żbikowski,0
mingo,0
london,0
dobbs,0
knight,0
jeż,0
gore,0
sachs,0
lapointe,0
bain,0
kraus,0
tilki,0
stanton,0
de laurentis,0
wild,0
poirier,0
samuels,0
koç,0
hathaway,0
thomassen,0
rivers,0
clay,0
feldt,0
cooper,0
paulson,0
öman,0
wolff,0
layton,0
hedlund,0
legrand,0
hersch,0
sauer,0
çelik,0
voß,0
adair,0
madsen,0
dunajski,0
beauchêne,0
michalski,0
segal,0
ławniczak,0
eichel,0
keil,0
szczepańska,0
karu,0
laine,0
kunz,0
goebel,0
altimari,0
svensson,0
michaelis,0
pawłowska,0
nyström,0
aguilera,0
forest,0
nielson,0
esparza,0
tomczak,0
piccirillo,0
voll,0
affini,0
maldonado,0
swango,0
quesada,0
granger,0
matos,0
schroeter,0
adolfsson,0
krawczyk,0
wilkie,0
eason,0
jennings,0
johansen,0
siebert,0
demirci,0
darnell,0
corleone,0
wootton,0
churchill,0
mataracı,0
gunnarsen,0
stevenson,0
heintze,0
wallace,0
paget,0
chlebek,0
james,0
fenn,0
steffen,0
neumann,0
st pierre,0
rundström,0
soból,0
aslan,0
hutmacher,0
sigurdsson,0
case,0
gärtner,0
woodward,0
schuchardt,0
schlender,0
bjarnesen,0
salamon,0
gwerder,0
lykke,0
meyers,0
stenberg,0
marie,0
teufel,0
graves,0
fries,0
bergqvist,0
schuchert,0
møller,0
ström,0
robson,0
østergård,0
cipriani,0
vigo,0
porcher,0
kuntz,0
allard,0
treloar,0
church,0
duarte,0
ludwig,0
valero,0
chaput,0
nacar,0
sadık,0
hubbard,0
ambrosi,0
sepp,0
crowley,0
hoover,0
bodilsen,0
simonsen,0
süss,0
arriola,0
demir,0
matsson,0
gutenberg,0
steele,0
tiryaki,0
bull,0
kraemer,0
pocock,0
hofer,0
filip,0
borg,0
riese,0
dalí,0
joseph,0
nissen,0
nixon,0
peynirci,0
diefenbach,0
aust,0
stanek,0
burgstaller,0
pilkvist,0
twist,0
martins,0
mach,0
rothenberg,0
stasiuk,0
urban,0
glenn,0
keighley,0
estrada,0
ellery,0
dunkel,0
russo,0
hobbes,0
tanzer,0
leonardsson,0
stein,0
vestergaard,0
steuben,0
domínguez,0
batts,0
mallory,0
morel,0
macey,0
fortune,0
olson,0
guldbrandsen,0
welter,0
paredes,0
barış,0
robin,0
arbeit,0
adkins,0
rask,0
cola,0
espinosa,0
rodríguez,0
díez,0
saar,0
gardinier,0
szewczyk,0
wojewódzki,0
lepik,0
jonasen,0
macar,0
karga,0
langlois,0
wright,0
yılmaz,0
causer,0
provenza,0
whitehead,0
oberti,0
keyes,0
kozłowski,0
taft,0
pärn,0
dufour,0
phelps,0
best,0
sams,0
mortensen,0
georges,0
girard,0
reier,0
hjort,0
vescovi,0
raskop,0
vång,0
bautista,0
belmonte,0
abrahamsen,0
håkansson,0
havener,0
bertolini,0
friedrich,0
espina,0
krause,0
dayton,0
lorentz,0
küçük,0
géroux,0
langlais,0
ekmekçi,0
pettersson,0
raskopf,0
clemente,0
aiello,0
rennoll,0
felipe,0
rudawska,0
roth,0
dubanowski,0
wörnhör,0
süß,0
pastor,0
nikolajsen,0
ingersleben,0
ślązak,0
holzknecht,0
guzmán,0
kristoffersen,0
sydney,0
nørup,0
carlevaro,0
lopez,0
sandström,0
ślusarski,0
abeln,0
vipond,0
bowman,0
mały,0
kowalski,0
bourreau,0
rapp,0
hartmann,0
abbatelli,0
ardovini,0
manfredi,0
ericson,0
arvidsson,0
willoughby,0
valiente,0
schwartz,0
asís,0
aritza,0
dennell,0
brun,0
gérard,0
bardakçı,0
ojala,0
hoefler,0
escarrà,0
olmos,0
rake,0
spannagel,0
traver,0
innocenti,0
breiner,0
agostini,0
katırcı,0
żuraw,0
alba,0
vico,0
balık,0
luther,0
kosmatka,0
burrows,0
mancini,0
horne,0
melsbach,0
baum,0
ahlberg,0
böhme,0
wahner,0
smalls,0
lavigne,0
raneri,0
berglund,0
grosse,0
barre,0
oliver,0
griffin,0
irwin,0
simms,0
hierro,0
werner,0
laurenz,0
sieger,0
núñez,0
aitken,0
coombs,0
iñíguez,0
krantz,0
markusson,0
solak,0
wirt,0
uzun,0
stoppelbein,0
forst,0
cruz,0
zientek,0
witkowska,0
jernigan,0
şahin,0
dyer,0
grünberg,0
middleton,0
kaya,0
król,0
arap,0
majewska,0
lyon,0
antonsen,0
rutkowski,0
samuelson,0
casado,0
scola,0
schweitzer,0
danell,0
westerberg,0
lamarre,0
haynes,0
nosek,0
caldwell,0
aguado,0
badem,0
pape,0
harrell,0
irvine,0
traverse,0
leclerc,0
akerman,0
jacobsen,0
kron,0
porto,0
ledford,0
nowakowski,0
jørgensen,0
değirmenci,0
dahlman,0
sorg,0
ivers,0
schneider,0
łaska,0
wróbel,0
huffman,0
lager,0
holmberg,0
jensen,0
steube,0
shearer,0
ardizzone,0
frisk,0
östberg,0
atkins,0
gagneux,0
alexandre,0
lundqvist,0
patrick,0
terzi,0
wójcik,0
keller,0
varela,0
wojewoda,0
tamm,0
fiedler,0
greenberg,0
victorsson,0
victors,0
notaro,0
desrosiers,0
atteberry,0
ibáñez,0
royer,0
ostrowski,0
gerhard,0
reuter,0
gentile,0
saller,0
adamsen,0
pasternack,0
amsel,0
kurzmann,0
kask,0
rais,0
deniaud,0
lohrenz,0
carlisle,0
ilves,0
burroughs,0
parks,0
jackman,0
aquila,0
fonda,0
rasmussen,0
eliott,0
franz,0
schäfer,0
nilsson,0
velázquez,0
alescio,0
forney,0
dahl,0
firmin,0
kartal,0
löfgren,0
hildebrand,0
tupper,0
michalak,0
toledano,0
corna,0
deniel,0
rosenberger,0
wilcox,0
björkman,0
harlan,0
barnes,0
power,0
aksoy,0
fabre,0
kitchens,0
mendel,0
fisker,0
arena,0
olsen,0
niemczyk,0
jewel,0
lindqvist,0
vinter,0
nicolai,0
janowska,0
bumgarner,0
agani,0
byqvist,0
riley,0
pryor,0
abramo,0
reich,0
gully,0
braune,0
faron,0
asturias,0
ratti,0
ash,0
cock,0
klausen,0
garver,0
spitznagel,0
salomon,0
cline,0
catalano,0
varley,0
terrell,0
parodi,0
kirchner,0
binici,0
hertz,0
gerst,0
botterill,0
bustos,0
reis,0
